efb72e0c-500b-11e9-bd5f-525400801efd;10001;mail01@gmail.com;Name01;male;student;beb428c5-b20a-47c9-b4bc-b2d0382fc45b;;secret;;2019-03-28 04:04:04;2019-03-28 04:04:04
efb7367c-500b-11e9-a16f-525400801efd;10002;mail02@gmail.com;Name02;male;student;f10e4564-145a-427e-a20c-0d8c3b843159;;secret;;2019-03-28 04:04:04;2019-03-28 04:04:04
efb73a6e-500b-11e9-bb70-525400801efd;10003;mail03@gmail.com;Name03;male;student;df7563e9-ab14-46b0-ae3e-6dbaec01b5af;;secret;;2019-03-28 04:04:04;2019-03-28 04:04:04
efb73e38-500b-11e9-9c53-525400801efd;10004;mail04@gmail.com;Name04;male;student;3b6fbbc3-3505-49f5-9340-3d61ec09f8eb;;secret;;2019-03-28 04:04:04;2019-03-28 04:04:04
efb741f8-500b-11e9-9b6a-525400801efd;10005;mail05@gmail.com;Name05;male;student;d5476c5f-55bc-4612-ae33-df79461fda97;;secret;;2019-03-28 04:04:04;2019-03-28 04:04:04
efb7466c-500b-11e9-a8ef-525400801efd;10006;mail06@gmail.com;Name06;male;student;3954f38a-f653-4a14-a510-6038cd581258;;secret;;2019-03-28 04:04:04;2019-03-28 04:04:04
efb74b6c-500b-11e9-87a9-525400801efd;10007;mail07@gmail.com;Name07;male;student;ac097576-62dc-4307-8206-fe74b710ea28;;secret;;2019-03-28 04:04:04;2019-03-28 04:04:04
efb74f4a-500b-11e9-97f8-525400801efd;10008;mail08@gmail.com;Name08;male;student;dfda6f5e-8c50-4484-be1a-75c3eb0ed41d;;secret;;2019-03-28 04:04:04;2019-03-28 04:04:04
efb756fc-500b-11e9-af5a-525400801efd;10009;mail09@gmail.com;Name09;male;student;9aaf00c1-f1e7-4e3a-9f6e-041636311d22;;secret;;2019-03-28 04:04:04;2019-03-28 04:04:04
efb75bfc-500b-11e9-b2f0-525400801efd;10010;mail10@gmail.com;Name10;male;student;a7c17bea-2b96-440a-a70a-00cb1efb9a32;;secret;;2019-03-28 04:04:04;2019-03-28 04:04:04
